--
-- PostgreSQL database dump
--

\restrict WdHFNXVoxSzfq9e1IOAz3hhdlgFf6csnW3xEjkrsdDhcqRngyUSufeNt92GVhza

-- Dumped from database version 18.1
-- Dumped by pg_dump version 18.1

SET statement_timeout = 0;
SET lock_timeout = 0;
SET idle_in_transaction_session_timeout = 0;
SET transaction_timeout = 0;
SET client_encoding = 'UTF8';
SET standard_conforming_strings = on;
SELECT pg_catalog.set_config('search_path', '', false);
SET check_function_bodies = false;
SET xmloption = content;
SET client_min_messages = warning;
SET row_security = off;

SET default_tablespace = '';

SET default_table_access_method = heap;

--
-- Name: academics_program; Type: TABLE; Schema: public; Owner: postgres
--

CREATE TABLE public.academics_program (
    id bigint NOT NULL,
    name character varying(100) NOT NULL,
    degree_type character varying(50) NOT NULL,
    duration_years integer NOT NULL
);


ALTER TABLE public.academics_program OWNER TO postgres;

--
-- Name: academics_program_id_seq; Type: SEQUENCE; Schema: public; Owner: postgres
--

ALTER TABLE public.academics_program ALTER COLUMN id ADD GENERATED BY DEFAULT AS IDENTITY (
    SEQUENCE NAME public.academics_program_id_seq
    START WITH 1
    INCREMENT BY 1
    NO MINVALUE
    NO MAXVALUE
    CACHE 1
);


--
-- Name: academics_semester; Type: TABLE; Schema: public; Owner: postgres
--

CREATE TABLE public.academics_semester (
    id bigint NOT NULL,
    semester_number integer NOT NULL,
    program_id bigint NOT NULL
);


ALTER TABLE public.academics_semester OWNER TO postgres;

--
-- Name: academics_semester_id_seq; Type: SEQUENCE; Schema: public; Owner: postgres
--

ALTER TABLE public.academics_semester ALTER COLUMN id ADD GENERATED BY DEFAULT AS IDENTITY (
    SEQUENCE NAME public.academics_semester_id_seq
    START WITH 1
    INCREMENT BY 1
    NO MINVALUE
    NO MAXVALUE
    CACHE 1
);


--
-- Name: academics_subject; Type: TABLE; Schema: public; Owner: postgres
--

CREATE TABLE public.academics_subject (
    id bigint NOT NULL,
    subject_code character varying(20) NOT NULL,
    subject_name character varying(100) NOT NULL,
    faculty_id bigint,
    semester_id bigint NOT NULL,
    program_id bigint NOT NULL
);


ALTER TABLE public.academics_subject OWNER TO postgres;

--
-- Name: academics_subject_id_seq; Type: SEQUENCE; Schema: public; Owner: postgres
--

ALTER TABLE public.academics_subject ALTER COLUMN id ADD GENERATED BY DEFAULT AS IDENTITY (
    SEQUENCE NAME public.academics_subject_id_seq
    START WITH 1
    INCREMENT BY 1
    NO MINVALUE
    NO MAXVALUE
    CACHE 1
);


--
-- Name: auth_group; Type: TABLE; Schema: public; Owner: postgres
--

CREATE TABLE public.auth_group (
    id integer NOT NULL,
    name character varying(150) NOT NULL
);


ALTER TABLE public.auth_group OWNER TO postgres;

--
-- Name: auth_group_id_seq; Type: SEQUENCE; Schema: public; Owner: postgres
--

ALTER TABLE public.auth_group ALTER COLUMN id ADD GENERATED BY DEFAULT AS IDENTITY (
    SEQUENCE NAME public.auth_group_id_seq
    START WITH 1
    INCREMENT BY 1
    NO MINVALUE
    NO MAXVALUE
    CACHE 1
);


--
-- Name: auth_group_permissions; Type: TABLE; Schema: public; Owner: postgres
--

CREATE TABLE public.auth_group_permissions (
    id bigint NOT NULL,
    group_id integer NOT NULL,
    permission_id integer NOT NULL
);


ALTER TABLE public.auth_group_permissions OWNER TO postgres;

--
-- Name: auth_group_permissions_id_seq; Type: SEQUENCE; Schema: public; Owner: postgres
--

ALTER TABLE public.auth_group_permissions ALTER COLUMN id ADD GENERATED BY DEFAULT AS IDENTITY (
    SEQUENCE NAME public.auth_group_permissions_id_seq
    START WITH 1
    INCREMENT BY 1
    NO MINVALUE
    NO MAXVALUE
    CACHE 1
);


--
-- Name: auth_permission; Type: TABLE; Schema: public; Owner: postgres
--

CREATE TABLE public.auth_permission (
    id integer NOT NULL,
    name character varying(255) NOT NULL,
    content_type_id integer NOT NULL,
    codename character varying(100) NOT NULL
);


ALTER TABLE public.auth_permission OWNER TO postgres;

--
-- Name: auth_permission_id_seq; Type: SEQUENCE; Schema: public; Owner: postgres
--

ALTER TABLE public.auth_permission ALTER COLUMN id ADD GENERATED BY DEFAULT AS IDENTITY (
    SEQUENCE NAME public.auth_permission_id_seq
    START WITH 1
    INCREMENT BY 1
    NO MINVALUE
    NO MAXVALUE
    CACHE 1
);


--
-- Name: django_admin_log; Type: TABLE; Schema: public; Owner: postgres
--

CREATE TABLE public.django_admin_log (
    id integer NOT NULL,
    action_time timestamp with time zone NOT NULL,
    object_id text,
    object_repr character varying(200) NOT NULL,
    action_flag smallint NOT NULL,
    change_message text NOT NULL,
    content_type_id integer,
    user_id bigint NOT NULL,
    CONSTRAINT django_admin_log_action_flag_check CHECK ((action_flag >= 0))
);


ALTER TABLE public.django_admin_log OWNER TO postgres;

--
-- Name: django_admin_log_id_seq; Type: SEQUENCE; Schema: public; Owner: postgres
--

ALTER TABLE public.django_admin_log ALTER COLUMN id ADD GENERATED BY DEFAULT AS IDENTITY (
    SEQUENCE NAME public.django_admin_log_id_seq
    START WITH 1
    INCREMENT BY 1
    NO MINVALUE
    NO MAXVALUE
    CACHE 1
);


--
-- Name: django_content_type; Type: TABLE; Schema: public; Owner: postgres
--

CREATE TABLE public.django_content_type (
    id integer NOT NULL,
    app_label character varying(100) NOT NULL,
    model character varying(100) NOT NULL
);


ALTER TABLE public.django_content_type OWNER TO postgres;

--
-- Name: django_content_type_id_seq; Type: SEQUENCE; Schema: public; Owner: postgres
--

ALTER TABLE public.django_content_type ALTER COLUMN id ADD GENERATED BY DEFAULT AS IDENTITY (
    SEQUENCE NAME public.django_content_type_id_seq
    START WITH 1
    INCREMENT BY 1
    NO MINVALUE
    NO MAXVALUE
    CACHE 1
);


--
-- Name: django_migrations; Type: TABLE; Schema: public; Owner: postgres
--

CREATE TABLE public.django_migrations (
    id bigint NOT NULL,
    app character varying(255) NOT NULL,
    name character varying(255) NOT NULL,
    applied timestamp with time zone NOT NULL
);


ALTER TABLE public.django_migrations OWNER TO postgres;

--
-- Name: django_migrations_id_seq; Type: SEQUENCE; Schema: public; Owner: postgres
--

ALTER TABLE public.django_migrations ALTER COLUMN id ADD GENERATED BY DEFAULT AS IDENTITY (
    SEQUENCE NAME public.django_migrations_id_seq
    START WITH 1
    INCREMENT BY 1
    NO MINVALUE
    NO MAXVALUE
    CACHE 1
);


--
-- Name: django_session; Type: TABLE; Schema: public; Owner: postgres
--

CREATE TABLE public.django_session (
    session_key character varying(40) NOT NULL,
    session_data text NOT NULL,
    expire_date timestamp with time zone NOT NULL
);


ALTER TABLE public.django_session OWNER TO postgres;

--
-- Name: lms_assignment; Type: TABLE; Schema: public; Owner: postgres
--

CREATE TABLE public.lms_assignment (
    id bigint NOT NULL,
    title character varying(255) NOT NULL,
    description text NOT NULL,
    due_date timestamp with time zone NOT NULL,
    created_at timestamp with time zone NOT NULL,
    created_by_id bigint NOT NULL,
    subject_id bigint NOT NULL
);


ALTER TABLE public.lms_assignment OWNER TO postgres;

--
-- Name: lms_assignment_id_seq; Type: SEQUENCE; Schema: public; Owner: postgres
--

ALTER TABLE public.lms_assignment ALTER COLUMN id ADD GENERATED BY DEFAULT AS IDENTITY (
    SEQUENCE NAME public.lms_assignment_id_seq
    START WITH 1
    INCREMENT BY 1
    NO MINVALUE
    NO MAXVALUE
    CACHE 1
);


--
-- Name: lms_material; Type: TABLE; Schema: public; Owner: postgres
--

CREATE TABLE public.lms_material (
    id bigint NOT NULL,
    title character varying(255) NOT NULL,
    file character varying(100) NOT NULL,
    uploaded_at timestamp with time zone NOT NULL,
    subject_id bigint NOT NULL,
    uploaded_by_id bigint NOT NULL
);


ALTER TABLE public.lms_material OWNER TO postgres;

--
-- Name: lms_material_id_seq; Type: SEQUENCE; Schema: public; Owner: postgres
--

ALTER TABLE public.lms_material ALTER COLUMN id ADD GENERATED BY DEFAULT AS IDENTITY (
    SEQUENCE NAME public.lms_material_id_seq
    START WITH 1
    INCREMENT BY 1
    NO MINVALUE
    NO MAXVALUE
    CACHE 1
);


--
-- Name: lms_submission; Type: TABLE; Schema: public; Owner: postgres
--

CREATE TABLE public.lms_submission (
    id bigint NOT NULL,
    file character varying(100) NOT NULL,
    submitted_at timestamp with time zone NOT NULL,
    assignment_id bigint NOT NULL,
    student_id bigint NOT NULL
);


ALTER TABLE public.lms_submission OWNER TO postgres;

--
-- Name: lms_submission_id_seq; Type: SEQUENCE; Schema: public; Owner: postgres
--

ALTER TABLE public.lms_submission ALTER COLUMN id ADD GENERATED BY DEFAULT AS IDENTITY (
    SEQUENCE NAME public.lms_submission_id_seq
    START WITH 1
    INCREMENT BY 1
    NO MINVALUE
    NO MAXVALUE
    CACHE 1
);


--
-- Name: notices_notice; Type: TABLE; Schema: public; Owner: postgres
--

CREATE TABLE public.notices_notice (
    id bigint NOT NULL,
    title character varying(255) NOT NULL,
    message text CONSTRAINT notices_notice_content_not_null NOT NULL,
    created_at timestamp with time zone NOT NULL,
    created_by_id bigint NOT NULL,
    target character varying(20) NOT NULL
);


ALTER TABLE public.notices_notice OWNER TO postgres;

--
-- Name: notices_notice_id_seq; Type: SEQUENCE; Schema: public; Owner: postgres
--

ALTER TABLE public.notices_notice ALTER COLUMN id ADD GENERATED BY DEFAULT AS IDENTITY (
    SEQUENCE NAME public.notices_notice_id_seq
    START WITH 1
    INCREMENT BY 1
    NO MINVALUE
    NO MAXVALUE
    CACHE 1
);


--
-- Name: users_customuser; Type: TABLE; Schema: public; Owner: postgres
--

CREATE TABLE public.users_customuser (
    id bigint NOT NULL,
    password character varying(128) NOT NULL,
    last_login timestamp with time zone,
    is_superuser boolean NOT NULL,
    username character varying(150) NOT NULL,
    first_name character varying(150) NOT NULL,
    last_name character varying(150) NOT NULL,
    email character varying(254) NOT NULL,
    is_staff boolean NOT NULL,
    is_active boolean NOT NULL,
    date_joined timestamp with time zone NOT NULL,
    role character varying(20) NOT NULL,
    semester_id bigint
);


ALTER TABLE public.users_customuser OWNER TO postgres;

--
-- Name: users_customuser_groups; Type: TABLE; Schema: public; Owner: postgres
--

CREATE TABLE public.users_customuser_groups (
    id bigint NOT NULL,
    customuser_id bigint NOT NULL,
    group_id integer NOT NULL
);


ALTER TABLE public.users_customuser_groups OWNER TO postgres;

--
-- Name: users_customuser_groups_id_seq; Type: SEQUENCE; Schema: public; Owner: postgres
--

ALTER TABLE public.users_customuser_groups ALTER COLUMN id ADD GENERATED BY DEFAULT AS IDENTITY (
    SEQUENCE NAME public.users_customuser_groups_id_seq
    START WITH 1
    INCREMENT BY 1
    NO MINVALUE
    NO MAXVALUE
    CACHE 1
);


--
-- Name: users_customuser_id_seq; Type: SEQUENCE; Schema: public; Owner: postgres
--

ALTER TABLE public.users_customuser ALTER COLUMN id ADD GENERATED BY DEFAULT AS IDENTITY (
    SEQUENCE NAME public.users_customuser_id_seq
    START WITH 1
    INCREMENT BY 1
    NO MINVALUE
    NO MAXVALUE
    CACHE 1
);


--
-- Name: users_customuser_user_permissions; Type: TABLE; Schema: public; Owner: postgres
--

CREATE TABLE public.users_customuser_user_permissions (
    id bigint NOT NULL,
    customuser_id bigint NOT NULL,
    permission_id integer NOT NULL
);


ALTER TABLE public.users_customuser_user_permissions OWNER TO postgres;

--
-- Name: users_customuser_user_permissions_id_seq; Type: SEQUENCE; Schema: public; Owner: postgres
--

ALTER TABLE public.users_customuser_user_permissions ALTER COLUMN id ADD GENERATED BY DEFAULT AS IDENTITY (
    SEQUENCE NAME public.users_customuser_user_permissions_id_seq
    START WITH 1
    INCREMENT BY 1
    NO MINVALUE
    NO MAXVALUE
    CACHE 1
);


--
-- Data for Name: academics_program; Type: TABLE DATA; Schema: public; Owner: postgres
--

COPY public.academics_program (id, name, degree_type, duration_years) FROM stdin;
1	BSc Computer Science		3
2	BSc Information Technology		3
3	BSc Computer Science with Cognitive Systems		3
4	BSc Data Science		3
\.


--
-- Data for Name: academics_semester; Type: TABLE DATA; Schema: public; Owner: postgres
--

COPY public.academics_semester (id, semester_number, program_id) FROM stdin;
1	1	1
2	1	2
3	2	1
4	3	1
5	2	2
6	3	2
7	1	3
\.


--
-- Data for Name: academics_subject; Type: TABLE DATA; Schema: public; Owner: postgres
--

COPY public.academics_subject (id, subject_code, subject_name, faculty_id, semester_id, program_id) FROM stdin;
2	CS02	Operating Systems	2	1	1
4	CGS01	Python Programming	2	7	3
5	CS03	Full Stack Web Development	2	1	1
1	CS01	Computer Organization & Architecture	7	1	1
6	CS04	Principles of Compiler Design	7	1	1
7	CS05	Computer Graphics	7	1	1
3	IT01	Web Development	8	2	2
\.


--
-- Data for Name: auth_group; Type: TABLE DATA; Schema: public; Owner: postgres
--

COPY public.auth_group (id, name) FROM stdin;
\.


--
-- Data for Name: auth_group_permissions; Type: TABLE DATA; Schema: public; Owner: postgres
--

COPY public.auth_group_permissions (id, group_id, permission_id) FROM stdin;
\.


--
-- Data for Name: auth_permission; Type: TABLE DATA; Schema: public; Owner: postgres
--

COPY public.auth_permission (id, name, content_type_id, codename) FROM stdin;
1	Can add log entry	1	add_logentry
2	Can change log entry	1	change_logentry
3	Can delete log entry	1	delete_logentry
4	Can view log entry	1	view_logentry
5	Can add permission	3	add_permission
6	Can change permission	3	change_permission
7	Can delete permission	3	delete_permission
8	Can view permission	3	view_permission
9	Can add group	2	add_group
10	Can change group	2	change_group
11	Can delete group	2	delete_group
12	Can view group	2	view_group
13	Can add content type	4	add_contenttype
14	Can change content type	4	change_contenttype
15	Can delete content type	4	delete_contenttype
16	Can view content type	4	view_contenttype
17	Can add session	5	add_session
18	Can change session	5	change_session
19	Can delete session	5	delete_session
20	Can view session	5	view_session
21	Can add user	6	add_customuser
22	Can change user	6	change_customuser
23	Can delete user	6	delete_customuser
24	Can view user	6	view_customuser
25	Can add program	7	add_program
26	Can change program	7	change_program
27	Can delete program	7	delete_program
28	Can view program	7	view_program
29	Can add semester	8	add_semester
30	Can change semester	8	change_semester
31	Can delete semester	8	delete_semester
32	Can view semester	8	view_semester
33	Can add subject	9	add_subject
34	Can change subject	9	change_subject
35	Can delete subject	9	delete_subject
36	Can view subject	9	view_subject
37	Can add assignment	10	add_assignment
38	Can change assignment	10	change_assignment
39	Can delete assignment	10	delete_assignment
40	Can view assignment	10	view_assignment
41	Can add material	11	add_material
42	Can change material	11	change_material
43	Can delete material	11	delete_material
44	Can view material	11	view_material
45	Can add submission	12	add_submission
46	Can change submission	12	change_submission
47	Can delete submission	12	delete_submission
48	Can view submission	12	view_submission
49	Can add notice	13	add_notice
50	Can change notice	13	change_notice
51	Can delete notice	13	delete_notice
52	Can view notice	13	view_notice
\.


--
-- Data for Name: django_admin_log; Type: TABLE DATA; Schema: public; Owner: postgres
--

COPY public.django_admin_log (id, action_time, object_id, object_repr, action_flag, change_message, content_type_id, user_id) FROM stdin;
1	2026-03-05 05:02:49.62705+05:30	1	admin - admin	2	[{"changed": {"fields": ["Role"]}}]	6	2
2	2026-03-05 05:02:57.225367+05:30	2	faculty - faculty	2	[{"changed": {"fields": ["Role"]}}]	6	2
3	2026-03-05 05:03:04.682739+05:30	3	student - student	2	[{"changed": {"fields": ["Role"]}}]	6	2
\.


--
-- Data for Name: django_content_type; Type: TABLE DATA; Schema: public; Owner: postgres
--

COPY public.django_content_type (id, app_label, model) FROM stdin;
1	admin	logentry
2	auth	group
3	auth	permission
4	contenttypes	contenttype
5	sessions	session
6	users	customuser
7	academics	program
8	academics	semester
9	academics	subject
10	lms	assignment
11	lms	material
12	lms	submission
13	notices	notice
\.


--
-- Data for Name: django_migrations; Type: TABLE DATA; Schema: public; Owner: postgres
--

COPY public.django_migrations (id, app, name, applied) FROM stdin;
1	contenttypes	0001_initial	2026-03-05 04:58:09.739839+05:30
2	contenttypes	0002_remove_content_type_name	2026-03-05 04:58:09.754203+05:30
3	auth	0001_initial	2026-03-05 04:58:09.81079+05:30
4	auth	0002_alter_permission_name_max_length	2026-03-05 04:58:09.81611+05:30
5	auth	0003_alter_user_email_max_length	2026-03-05 04:58:09.82004+05:30
6	auth	0004_alter_user_username_opts	2026-03-05 04:58:09.8241+05:30
7	auth	0005_alter_user_last_login_null	2026-03-05 04:58:09.828998+05:30
8	auth	0006_require_contenttypes_0002	2026-03-05 04:58:09.830784+05:30
9	auth	0007_alter_validators_add_error_messages	2026-03-05 04:58:09.834889+05:30
10	auth	0008_alter_user_username_max_length	2026-03-05 04:58:09.838676+05:30
11	auth	0009_alter_user_last_name_max_length	2026-03-05 04:58:09.845236+05:30
12	auth	0010_alter_group_name_max_length	2026-03-05 04:58:09.853425+05:30
13	auth	0011_update_proxy_permissions	2026-03-05 04:58:09.857796+05:30
14	auth	0012_alter_user_first_name_max_length	2026-03-05 04:58:09.862709+05:30
15	users	0001_initial	2026-03-05 04:58:09.953102+05:30
16	academics	0001_initial	2026-03-05 04:58:09.993936+05:30
17	academics	0002_subject_program	2026-03-05 04:58:10.013604+05:30
18	admin	0001_initial	2026-03-05 04:58:10.037318+05:30
19	admin	0002_logentry_remove_auto_add	2026-03-05 04:58:10.043577+05:30
20	admin	0003_logentry_add_action_flag_choices	2026-03-05 04:58:10.049783+05:30
21	lms	0001_initial	2026-03-05 04:58:10.13032+05:30
22	notices	0001_initial	2026-03-05 04:58:10.153695+05:30
23	notices	0002_alter_notice_options_rename_content_notice_message_and_more	2026-03-05 04:58:10.185921+05:30
24	notices	0003_alter_notice_target	2026-03-05 04:58:10.195738+05:30
25	sessions	0001_initial	2026-03-05 04:58:10.209055+05:30
26	users	0002_customuser_semester	2026-03-05 04:58:10.252892+05:30
\.


--
-- Data for Name: django_session; Type: TABLE DATA; Schema: public; Owner: postgres
--

COPY public.django_session (session_key, session_data, expire_date) FROM stdin;
736z4ss50nlleq1s376nav9kyped5eoh	.eJxVjMsKwyAQAP9lz0XY9VHMsfd-g6yu1rRFISan0H8vgRza68wwOwTe1hq2kZcwC0xAcPllkdMrt0PIk9ujq9TbusxRHYk67VD3Lvl9O9u_QeVRYQKMXoougl6KRJZ8JUtFO3HGOPSYGC07Yp0QJbGxRVzBRJoyW4oIny8LcTil:1vxvfU:DWWk0A1gJBpWIPJukDpOh2FnAPhlAvHMMVpu54FiCh8	2026-03-19 05:00:16.784383+05:30
\.


--
-- Data for Name: lms_assignment; Type: TABLE DATA; Schema: public; Owner: postgres
--

COPY public.lms_assignment (id, title, description, due_date, created_at, created_by_id, subject_id) FROM stdin;
1	Assignment - 1	Write detailed notes on Logic Gates	2026-03-06 05:30:00+05:30	2026-03-05 05:54:40.126136+05:30	2	2
2	Assignment - 2	Write test from Unit 1 - Unit 3	2026-03-01 05:30:00+05:30	2026-03-05 05:55:06.160493+05:30	2	2
\.


--
-- Data for Name: lms_material; Type: TABLE DATA; Schema: public; Owner: postgres
--

COPY public.lms_material (id, title, file, uploaded_at, subject_id, uploaded_by_id) FROM stdin;
1	Tutorial	materials/Learning_Material_Video.mp4	2026-03-05 05:53:40.906708+05:30	2	2
2	Notes	materials/CO_I3GrUoD.pdf	2026-03-05 05:53:56.37262+05:30	2	2
3	PDF	materials/logicgates_f8ji5gS.pdf	2026-03-05 05:54:17.951358+05:30	2	2
\.


--
-- Data for Name: lms_submission; Type: TABLE DATA; Schema: public; Owner: postgres
--

COPY public.lms_submission (id, file, submitted_at, assignment_id, student_id) FROM stdin;
7	submissions/test_N6x3y0k.pdf	2026-03-05 06:12:26.998812+05:30	1	4
\.


--
-- Data for Name: notices_notice; Type: TABLE DATA; Schema: public; Owner: postgres
--

COPY public.notices_notice (id, title, message, created_at, created_by_id, target) FROM stdin;
1	Welcome to Learning Management System!	This is An Cloud-Based E-learning Platform, feel free to explore :)	2026-03-05 05:16:24.154834+05:30	1	all
2	Server Maintenance	Portal down tonight.	2026-03-05 05:16:45.668061+05:30	1	all
3	Farewell 2026	The 2023 batch farewell is conducted on Saturday, 14th March 2026.	2026-03-05 05:17:17.30209+05:30	1	student
4	Faculty meeting by 10 AM	Kindly note that faculty meeting is happening by 10 AM, assemble soon.	2026-03-05 05:17:44.330387+05:30	1	faculty
\.


--
-- Data for Name: users_customuser; Type: TABLE DATA; Schema: public; Owner: postgres
--

COPY public.users_customuser (id, password, last_login, is_superuser, username, first_name, last_name, email, is_staff, is_active, date_joined, role, semester_id) FROM stdin;
2	pbkdf2_sha256$1200000$ANHRKSOqGU296yMBadVs3r$Q/SzF8qz7EEo9QDJZh0hoAlawAVTRyVc9SZdW1oSxX8=	2026-03-05 05:00:16+05:30	t	faculty			faculty@example.com	t	t	2026-03-05 04:58:54+05:30	faculty	\N
3	pbkdf2_sha256$1200000$6X1WdSIeqxkxQGFo1IQrDK$PnLeV7c3/KHa7WVZ40cR/xsKTNHaG7hr+Vnz+QAhgLs=	\N	t	student			student@example.com	t	t	2026-03-05 04:59:12+05:30	student	\N
1	pbkdf2_sha256$1200000$lnYmpnozek7nDyCl9SuX1F$u4qKfbz40usBKhRiZnELkpfZ6bypNQfouwzIs4D800E=	\N	t	admin			admin@example.com	t	t	2026-03-05 04:58:31+05:30	admin	\N
4	pbkdf2_sha256$1200000$SN8fcWc6NbmwkGqzdcFVgu$E6tylr1q9UhTHI/0uy7BvyLn/XeNuZg8Wqet8lL5XqE=	\N	f	csstudent			csstudent@example.com	f	t	2026-03-05 05:15:07.966498+05:30	student	1
5	pbkdf2_sha256$1200000$M9Bf2Tg4Tc3ltT8xxC6ngg$Rc+1VnN2d3bqQeQq1l2JLD7alYYSCWLjd16yeVV6H7U=	\N	f	itstudent			itstudent@example.com	f	t	2026-03-05 05:15:31.905481+05:30	student	2
6	pbkdf2_sha256$1200000$AMMTl6nHUslKToLEgua9CT$dd918T2P2YpJQC4R5EVe3Z6udcz142WpBRiR/qZjmyY=	\N	f	csstudent2			csstudent2@example.com	f	t	2026-03-05 05:18:17.81946+05:30	student	3
7	pbkdf2_sha256$1200000$Z33QIumymZEYShGmTepEPw$PzI/aZ5pGkEEIbnk7Ed2WA1WQkbMMJ84OT2k1rS3/rg=	\N	f	csfaculty1			csfaculty1@example.com	f	t	2026-03-05 05:33:14.11446+05:30	faculty	1
8	pbkdf2_sha256$1200000$BknzBwNCx4KqIG2RmOvHJQ$P4UId/v0ii5v9yWP8T0A5OCnQIwXEIji8X/jn9nJOE8=	\N	f	itfaculty1			itfaculty1@example.com	f	t	2026-03-05 05:35:29.586671+05:30	faculty	2
\.


--
-- Data for Name: users_customuser_groups; Type: TABLE DATA; Schema: public; Owner: postgres
--

COPY public.users_customuser_groups (id, customuser_id, group_id) FROM stdin;
\.


--
-- Data for Name: users_customuser_user_permissions; Type: TABLE DATA; Schema: public; Owner: postgres
--

COPY public.users_customuser_user_permissions (id, customuser_id, permission_id) FROM stdin;
\.


--
-- Name: academics_program_id_seq; Type: SEQUENCE SET; Schema: public; Owner: postgres
--

SELECT pg_catalog.setval('public.academics_program_id_seq', 4, true);


--
-- Name: academics_semester_id_seq; Type: SEQUENCE SET; Schema: public; Owner: postgres
--

SELECT pg_catalog.setval('public.academics_semester_id_seq', 7, true);


--
-- Name: academics_subject_id_seq; Type: SEQUENCE SET; Schema: public; Owner: postgres
--

SELECT pg_catalog.setval('public.academics_subject_id_seq', 7, true);


--
-- Name: auth_group_id_seq; Type: SEQUENCE SET; Schema: public; Owner: postgres
--

SELECT pg_catalog.setval('public.auth_group_id_seq', 1, false);


--
-- Name: auth_group_permissions_id_seq; Type: SEQUENCE SET; Schema: public; Owner: postgres
--

SELECT pg_catalog.setval('public.auth_group_permissions_id_seq', 1, false);


--
-- Name: auth_permission_id_seq; Type: SEQUENCE SET; Schema: public; Owner: postgres
--

SELECT pg_catalog.setval('public.auth_permission_id_seq', 52, true);


--
-- Name: django_admin_log_id_seq; Type: SEQUENCE SET; Schema: public; Owner: postgres
--

SELECT pg_catalog.setval('public.django_admin_log_id_seq', 3, true);


--
-- Name: django_content_type_id_seq; Type: SEQUENCE SET; Schema: public; Owner: postgres
--

SELECT pg_catalog.setval('public.django_content_type_id_seq', 13, true);


--
-- Name: django_migrations_id_seq; Type: SEQUENCE SET; Schema: public; Owner: postgres
--

SELECT pg_catalog.setval('public.django_migrations_id_seq', 26, true);


--
-- Name: lms_assignment_id_seq; Type: SEQUENCE SET; Schema: public; Owner: postgres
--

SELECT pg_catalog.setval('public.lms_assignment_id_seq', 2, true);


--
-- Name: lms_material_id_seq; Type: SEQUENCE SET; Schema: public; Owner: postgres
--

SELECT pg_catalog.setval('public.lms_material_id_seq', 3, true);


--
-- Name: lms_submission_id_seq; Type: SEQUENCE SET; Schema: public; Owner: postgres
--

SELECT pg_catalog.setval('public.lms_submission_id_seq', 7, true);


--
-- Name: notices_notice_id_seq; Type: SEQUENCE SET; Schema: public; Owner: postgres
--

SELECT pg_catalog.setval('public.notices_notice_id_seq', 4, true);


--
-- Name: users_customuser_groups_id_seq; Type: SEQUENCE SET; Schema: public; Owner: postgres
--

SELECT pg_catalog.setval('public.users_customuser_groups_id_seq', 1, false);


--
-- Name: users_customuser_id_seq; Type: SEQUENCE SET; Schema: public; Owner: postgres
--

SELECT pg_catalog.setval('public.users_customuser_id_seq', 8, true);


--
-- Name: users_customuser_user_permissions_id_seq; Type: SEQUENCE SET; Schema: public; Owner: postgres
--

SELECT pg_catalog.setval('public.users_customuser_user_permissions_id_seq', 1, false);


--
-- Name: academics_program academics_program_pkey; Type: CONSTRAINT; Schema: public; Owner: postgres
--

ALTER TABLE ONLY public.academics_program
    ADD CONSTRAINT academics_program_pkey PRIMARY KEY (id);


--
-- Name: academics_semester academics_semester_pkey; Type: CONSTRAINT; Schema: public; Owner: postgres
--

ALTER TABLE ONLY public.academics_semester
    ADD CONSTRAINT academics_semester_pkey PRIMARY KEY (id);


--
-- Name: academics_subject academics_subject_pkey; Type: CONSTRAINT; Schema: public; Owner: postgres
--

ALTER TABLE ONLY public.academics_subject
    ADD CONSTRAINT academics_subject_pkey PRIMARY KEY (id);


--
-- Name: auth_group auth_group_name_key; Type: CONSTRAINT; Schema: public; Owner: postgres
--

ALTER TABLE ONLY public.auth_group
    ADD CONSTRAINT auth_group_name_key UNIQUE (name);


--
-- Name: auth_group_permissions auth_group_permissions_group_id_permission_id_0cd325b0_uniq; Type: CONSTRAINT; Schema: public; Owner: postgres
--

ALTER TABLE ONLY public.auth_group_permissions
    ADD CONSTRAINT auth_group_permissions_group_id_permission_id_0cd325b0_uniq UNIQUE (group_id, permission_id);


--
-- Name: auth_group_permissions auth_group_permissions_pkey; Type: CONSTRAINT; Schema: public; Owner: postgres
--

ALTER TABLE ONLY public.auth_group_permissions
    ADD CONSTRAINT auth_group_permissions_pkey PRIMARY KEY (id);


--
-- Name: auth_group auth_group_pkey; Type: CONSTRAINT; Schema: public; Owner: postgres
--

ALTER TABLE ONLY public.auth_group
    ADD CONSTRAINT auth_group_pkey PRIMARY KEY (id);


--
-- Name: auth_permission auth_permission_content_type_id_codename_01ab375a_uniq; Type: CONSTRAINT; Schema: public; Owner: postgres
--

ALTER TABLE ONLY public.auth_permission
    ADD CONSTRAINT auth_permission_content_type_id_codename_01ab375a_uniq UNIQUE (content_type_id, codename);


--
-- Name: auth_permission auth_permission_pkey; Type: CONSTRAINT; Schema: public; Owner: postgres
--

ALTER TABLE ONLY public.auth_permission
    ADD CONSTRAINT auth_permission_pkey PRIMARY KEY (id);


--
-- Name: django_admin_log django_admin_log_pkey; Type: CONSTRAINT; Schema: public; Owner: postgres
--

ALTER TABLE ONLY public.django_admin_log
    ADD CONSTRAINT django_admin_log_pkey PRIMARY KEY (id);


--
-- Name: django_content_type django_content_type_app_label_model_76bd3d3b_uniq; Type: CONSTRAINT; Schema: public; Owner: postgres
--

ALTER TABLE ONLY public.django_content_type
    ADD CONSTRAINT django_content_type_app_label_model_76bd3d3b_uniq UNIQUE (app_label, model);


--
-- Name: django_content_type django_content_type_pkey; Type: CONSTRAINT; Schema: public; Owner: postgres
--

ALTER TABLE ONLY public.django_content_type
    ADD CONSTRAINT django_content_type_pkey PRIMARY KEY (id);


--
-- Name: django_migrations django_migrations_pkey; Type: CONSTRAINT; Schema: public; Owner: postgres
--

ALTER TABLE ONLY public.django_migrations
    ADD CONSTRAINT django_migrations_pkey PRIMARY KEY (id);


--
-- Name: django_session django_session_pkey; Type: CONSTRAINT; Schema: public; Owner: postgres
--

ALTER TABLE ONLY public.django_session
    ADD CONSTRAINT django_session_pkey PRIMARY KEY (session_key);


--
-- Name: lms_assignment lms_assignment_pkey; Type: CONSTRAINT; Schema: public; Owner: postgres
--

ALTER TABLE ONLY public.lms_assignment
    ADD CONSTRAINT lms_assignment_pkey PRIMARY KEY (id);


--
-- Name: lms_material lms_material_pkey; Type: CONSTRAINT; Schema: public; Owner: postgres
--

ALTER TABLE ONLY public.lms_material
    ADD CONSTRAINT lms_material_pkey PRIMARY KEY (id);


--
-- Name: lms_submission lms_submission_pkey; Type: CONSTRAINT; Schema: public; Owner: postgres
--

ALTER TABLE ONLY public.lms_submission
    ADD CONSTRAINT lms_submission_pkey PRIMARY KEY (id);


--
-- Name: notices_notice notices_notice_pkey; Type: CONSTRAINT; Schema: public; Owner: postgres
--

ALTER TABLE ONLY public.notices_notice
    ADD CONSTRAINT notices_notice_pkey PRIMARY KEY (id);


--
-- Name: users_customuser_groups users_customuser_groups_customuser_id_group_id_76b619e3_uniq; Type: CONSTRAINT; Schema: public; Owner: postgres
--

ALTER TABLE ONLY public.users_customuser_groups
    ADD CONSTRAINT users_customuser_groups_customuser_id_group_id_76b619e3_uniq UNIQUE (customuser_id, group_id);


--
-- Name: users_customuser_groups users_customuser_groups_pkey; Type: CONSTRAINT; Schema: public; Owner: postgres
--

ALTER TABLE ONLY public.users_customuser_groups
    ADD CONSTRAINT users_customuser_groups_pkey PRIMARY KEY (id);


--
-- Name: users_customuser users_customuser_pkey; Type: CONSTRAINT; Schema: public; Owner: postgres
--

ALTER TABLE ONLY public.users_customuser
    ADD CONSTRAINT users_customuser_pkey PRIMARY KEY (id);


--
-- Name: users_customuser_user_permissions users_customuser_user_pe_customuser_id_permission_7a7debf6_uniq; Type: CONSTRAINT; Schema: public; Owner: postgres
--

ALTER TABLE ONLY public.users_customuser_user_permissions
    ADD CONSTRAINT users_customuser_user_pe_customuser_id_permission_7a7debf6_uniq UNIQUE (customuser_id, permission_id);


--
-- Name: users_customuser_user_permissions users_customuser_user_permissions_pkey; Type: CONSTRAINT; Schema: public; Owner: postgres
--

ALTER TABLE ONLY public.users_customuser_user_permissions
    ADD CONSTRAINT users_customuser_user_permissions_pkey PRIMARY KEY (id);


--
-- Name: users_customuser users_customuser_username_key; Type: CONSTRAINT; Schema: public; Owner: postgres
--

ALTER TABLE ONLY public.users_customuser
    ADD CONSTRAINT users_customuser_username_key UNIQUE (username);


--
-- Name: academics_semester_program_id_38edf905; Type: INDEX; Schema: public; Owner: postgres
--

CREATE INDEX academics_semester_program_id_38edf905 ON public.academics_semester USING btree (program_id);


--
-- Name: academics_subject_faculty_id_ac98c60f; Type: INDEX; Schema: public; Owner: postgres
--

CREATE INDEX academics_subject_faculty_id_ac98c60f ON public.academics_subject USING btree (faculty_id);


--
-- Name: academics_subject_program_id_9acf40da; Type: INDEX; Schema: public; Owner: postgres
--

CREATE INDEX academics_subject_program_id_9acf40da ON public.academics_subject USING btree (program_id);


--
-- Name: academics_subject_semester_id_449f70e2; Type: INDEX; Schema: public; Owner: postgres
--

CREATE INDEX academics_subject_semester_id_449f70e2 ON public.academics_subject USING btree (semester_id);


--
-- Name: auth_group_name_a6ea08ec_like; Type: INDEX; Schema: public; Owner: postgres
--

CREATE INDEX auth_group_name_a6ea08ec_like ON public.auth_group USING btree (name varchar_pattern_ops);


--
-- Name: auth_group_permissions_group_id_b120cbf9; Type: INDEX; Schema: public; Owner: postgres
--

CREATE INDEX auth_group_permissions_group_id_b120cbf9 ON public.auth_group_permissions USING btree (group_id);


--
-- Name: auth_group_permissions_permission_id_84c5c92e; Type: INDEX; Schema: public; Owner: postgres
--

CREATE INDEX auth_group_permissions_permission_id_84c5c92e ON public.auth_group_permissions USING btree (permission_id);


--
-- Name: auth_permission_content_type_id_2f476e4b; Type: INDEX; Schema: public; Owner: postgres
--

CREATE INDEX auth_permission_content_type_id_2f476e4b ON public.auth_permission USING btree (content_type_id);


--
-- Name: django_admin_log_content_type_id_c4bce8eb; Type: INDEX; Schema: public; Owner: postgres
--

CREATE INDEX django_admin_log_content_type_id_c4bce8eb ON public.django_admin_log USING btree (content_type_id);


--
-- Name: django_admin_log_user_id_c564eba6; Type: INDEX; Schema: public; Owner: postgres
--

CREATE INDEX django_admin_log_user_id_c564eba6 ON public.django_admin_log USING btree (user_id);


--
-- Name: django_session_expire_date_a5c62663; Type: INDEX; Schema: public; Owner: postgres
--

CREATE INDEX django_session_expire_date_a5c62663 ON public.django_session USING btree (expire_date);


--
-- Name: django_session_session_key_c0390e0f_like; Type: INDEX; Schema: public; Owner: postgres
--

CREATE INDEX django_session_session_key_c0390e0f_like ON public.django_session USING btree (session_key varchar_pattern_ops);


--
-- Name: lms_assignment_created_by_id_4b5596af; Type: INDEX; Schema: public; Owner: postgres
--

CREATE INDEX lms_assignment_created_by_id_4b5596af ON public.lms_assignment USING btree (created_by_id);


--
-- Name: lms_assignment_subject_id_d4134c63; Type: INDEX; Schema: public; Owner: postgres
--

CREATE INDEX lms_assignment_subject_id_d4134c63 ON public.lms_assignment USING btree (subject_id);


--
-- Name: lms_material_subject_id_663de03b; Type: INDEX; Schema: public; Owner: postgres
--

CREATE INDEX lms_material_subject_id_663de03b ON public.lms_material USING btree (subject_id);


--
-- Name: lms_material_uploaded_by_id_c1f316c7; Type: INDEX; Schema: public; Owner: postgres
--

CREATE INDEX lms_material_uploaded_by_id_c1f316c7 ON public.lms_material USING btree (uploaded_by_id);


--
-- Name: lms_submission_assignment_id_35dd5981; Type: INDEX; Schema: public; Owner: postgres
--

CREATE INDEX lms_submission_assignment_id_35dd5981 ON public.lms_submission USING btree (assignment_id);


--
-- Name: lms_submission_student_id_c822e7f0; Type: INDEX; Schema: public; Owner: postgres
--

CREATE INDEX lms_submission_student_id_c822e7f0 ON public.lms_submission USING btree (student_id);


--
-- Name: notices_notice_created_by_id_f13e4d0a; Type: INDEX; Schema: public; Owner: postgres
--

CREATE INDEX notices_notice_created_by_id_f13e4d0a ON public.notices_notice USING btree (created_by_id);


--
-- Name: users_customuser_groups_customuser_id_958147bf; Type: INDEX; Schema: public; Owner: postgres
--

CREATE INDEX users_customuser_groups_customuser_id_958147bf ON public.users_customuser_groups USING btree (customuser_id);


--
-- Name: users_customuser_groups_group_id_01390b14; Type: INDEX; Schema: public; Owner: postgres
--

CREATE INDEX users_customuser_groups_group_id_01390b14 ON public.users_customuser_groups USING btree (group_id);


--
-- Name: users_customuser_semester_id_84ea8868; Type: INDEX; Schema: public; Owner: postgres
--

CREATE INDEX users_customuser_semester_id_84ea8868 ON public.users_customuser USING btree (semester_id);


--
-- Name: users_customuser_user_permissions_customuser_id_5771478b; Type: INDEX; Schema: public; Owner: postgres
--

CREATE INDEX users_customuser_user_permissions_customuser_id_5771478b ON public.users_customuser_user_permissions USING btree (customuser_id);


--
-- Name: users_customuser_user_permissions_permission_id_baaa2f74; Type: INDEX; Schema: public; Owner: postgres
--

CREATE INDEX users_customuser_user_permissions_permission_id_baaa2f74 ON public.users_customuser_user_permissions USING btree (permission_id);


--
-- Name: users_customuser_username_80452fdf_like; Type: INDEX; Schema: public; Owner: postgres
--

CREATE INDEX users_customuser_username_80452fdf_like ON public.users_customuser USING btree (username varchar_pattern_ops);


--
-- Name: academics_semester academics_semester_program_id_38edf905_fk_academics_program_id; Type: FK CONSTRAINT; Schema: public; Owner: postgres
--

ALTER TABLE ONLY public.academics_semester
    ADD CONSTRAINT academics_semester_program_id_38edf905_fk_academics_program_id FOREIGN KEY (program_id) REFERENCES public.academics_program(id) DEFERRABLE INITIALLY DEFERRED;


--
-- Name: academics_subject academics_subject_faculty_id_ac98c60f_fk_users_customuser_id; Type: FK CONSTRAINT; Schema: public; Owner: postgres
--

ALTER TABLE ONLY public.academics_subject
    ADD CONSTRAINT academics_subject_faculty_id_ac98c60f_fk_users_customuser_id FOREIGN KEY (faculty_id) REFERENCES public.users_customuser(id) DEFERRABLE INITIALLY DEFERRED;


--
-- Name: academics_subject academics_subject_program_id_9acf40da_fk_academics_program_id; Type: FK CONSTRAINT; Schema: public; Owner: postgres
--

ALTER TABLE ONLY public.academics_subject
    ADD CONSTRAINT academics_subject_program_id_9acf40da_fk_academics_program_id FOREIGN KEY (program_id) REFERENCES public.academics_program(id) DEFERRABLE INITIALLY DEFERRED;


--
-- Name: academics_subject academics_subject_semester_id_449f70e2_fk_academics_semester_id; Type: FK CONSTRAINT; Schema: public; Owner: postgres
--

ALTER TABLE ONLY public.academics_subject
    ADD CONSTRAINT academics_subject_semester_id_449f70e2_fk_academics_semester_id FOREIGN KEY (semester_id) REFERENCES public.academics_semester(id) DEFERRABLE INITIALLY DEFERRED;


--
-- Name: auth_group_permissions auth_group_permissio_permission_id_84c5c92e_fk_auth_perm; Type: FK CONSTRAINT; Schema: public; Owner: postgres
--

ALTER TABLE ONLY public.auth_group_permissions
    ADD CONSTRAINT auth_group_permissio_permission_id_84c5c92e_fk_auth_perm FOREIGN KEY (permission_id) REFERENCES public.auth_permission(id) DEFERRABLE INITIALLY DEFERRED;


--
-- Name: auth_group_permissions auth_group_permissions_group_id_b120cbf9_fk_auth_group_id; Type: FK CONSTRAINT; Schema: public; Owner: postgres
--

ALTER TABLE ONLY public.auth_group_permissions
    ADD CONSTRAINT auth_group_permissions_group_id_b120cbf9_fk_auth_group_id FOREIGN KEY (group_id) REFERENCES public.auth_group(id) DEFERRABLE INITIALLY DEFERRED;


--
-- Name: auth_permission auth_permission_content_type_id_2f476e4b_fk_django_co; Type: FK CONSTRAINT; Schema: public; Owner: postgres
--

ALTER TABLE ONLY public.auth_permission
    ADD CONSTRAINT auth_permission_content_type_id_2f476e4b_fk_django_co FOREIGN KEY (content_type_id) REFERENCES public.django_content_type(id) DEFERRABLE INITIALLY DEFERRED;


--
-- Name: django_admin_log django_admin_log_content_type_id_c4bce8eb_fk_django_co; Type: FK CONSTRAINT; Schema: public; Owner: postgres
--

ALTER TABLE ONLY public.django_admin_log
    ADD CONSTRAINT django_admin_log_content_type_id_c4bce8eb_fk_django_co FOREIGN KEY (content_type_id) REFERENCES public.django_content_type(id) DEFERRABLE INITIALLY DEFERRED;


--
-- Name: django_admin_log django_admin_log_user_id_c564eba6_fk_users_customuser_id; Type: FK CONSTRAINT; Schema: public; Owner: postgres
--

ALTER TABLE ONLY public.django_admin_log
    ADD CONSTRAINT django_admin_log_user_id_c564eba6_fk_users_customuser_id FOREIGN KEY (user_id) REFERENCES public.users_customuser(id) DEFERRABLE INITIALLY DEFERRED;


--
-- Name: lms_assignment lms_assignment_created_by_id_4b5596af_fk_users_customuser_id; Type: FK CONSTRAINT; Schema: public; Owner: postgres
--

ALTER TABLE ONLY public.lms_assignment
    ADD CONSTRAINT lms_assignment_created_by_id_4b5596af_fk_users_customuser_id FOREIGN KEY (created_by_id) REFERENCES public.users_customuser(id) DEFERRABLE INITIALLY DEFERRED;


--
-- Name: lms_assignment lms_assignment_subject_id_d4134c63_fk_academics_subject_id; Type: FK CONSTRAINT; Schema: public; Owner: postgres
--

ALTER TABLE ONLY public.lms_assignment
    ADD CONSTRAINT lms_assignment_subject_id_d4134c63_fk_academics_subject_id FOREIGN KEY (subject_id) REFERENCES public.academics_subject(id) DEFERRABLE INITIALLY DEFERRED;


--
-- Name: lms_material lms_material_subject_id_663de03b_fk_academics_subject_id; Type: FK CONSTRAINT; Schema: public; Owner: postgres
--

ALTER TABLE ONLY public.lms_material
    ADD CONSTRAINT lms_material_subject_id_663de03b_fk_academics_subject_id FOREIGN KEY (subject_id) REFERENCES public.academics_subject(id) DEFERRABLE INITIALLY DEFERRED;


--
-- Name: lms_material lms_material_uploaded_by_id_c1f316c7_fk_users_customuser_id; Type: FK CONSTRAINT; Schema: public; Owner: postgres
--

ALTER TABLE ONLY public.lms_material
    ADD CONSTRAINT lms_material_uploaded_by_id_c1f316c7_fk_users_customuser_id FOREIGN KEY (uploaded_by_id) REFERENCES public.users_customuser(id) DEFERRABLE INITIALLY DEFERRED;


--
-- Name: lms_submission lms_submission_assignment_id_35dd5981_fk_lms_assignment_id; Type: FK CONSTRAINT; Schema: public; Owner: postgres
--

ALTER TABLE ONLY public.lms_submission
    ADD CONSTRAINT lms_submission_assignment_id_35dd5981_fk_lms_assignment_id FOREIGN KEY (assignment_id) REFERENCES public.lms_assignment(id) DEFERRABLE INITIALLY DEFERRED;


--
-- Name: lms_submission lms_submission_student_id_c822e7f0_fk_users_customuser_id; Type: FK CONSTRAINT; Schema: public; Owner: postgres
--

ALTER TABLE ONLY public.lms_submission
    ADD CONSTRAINT lms_submission_student_id_c822e7f0_fk_users_customuser_id FOREIGN KEY (student_id) REFERENCES public.users_customuser(id) DEFERRABLE INITIALLY DEFERRED;


--
-- Name: notices_notice notices_notice_created_by_id_f13e4d0a_fk_users_customuser_id; Type: FK CONSTRAINT; Schema: public; Owner: postgres
--

ALTER TABLE ONLY public.notices_notice
    ADD CONSTRAINT notices_notice_created_by_id_f13e4d0a_fk_users_customuser_id FOREIGN KEY (created_by_id) REFERENCES public.users_customuser(id) DEFERRABLE INITIALLY DEFERRED;


--
-- Name: users_customuser_groups users_customuser_gro_customuser_id_958147bf_fk_users_cus; Type: FK CONSTRAINT; Schema: public; Owner: postgres
--

ALTER TABLE ONLY public.users_customuser_groups
    ADD CONSTRAINT users_customuser_gro_customuser_id_958147bf_fk_users_cus FOREIGN KEY (customuser_id) REFERENCES public.users_customuser(id) DEFERRABLE INITIALLY DEFERRED;


--
-- Name: users_customuser_groups users_customuser_groups_group_id_01390b14_fk_auth_group_id; Type: FK CONSTRAINT; Schema: public; Owner: postgres
--

ALTER TABLE ONLY public.users_customuser_groups
    ADD CONSTRAINT users_customuser_groups_group_id_01390b14_fk_auth_group_id FOREIGN KEY (group_id) REFERENCES public.auth_group(id) DEFERRABLE INITIALLY DEFERRED;


--
-- Name: users_customuser users_customuser_semester_id_84ea8868_fk_academics_semester_id; Type: FK CONSTRAINT; Schema: public; Owner: postgres
--

ALTER TABLE ONLY public.users_customuser
    ADD CONSTRAINT users_customuser_semester_id_84ea8868_fk_academics_semester_id FOREIGN KEY (semester_id) REFERENCES public.academics_semester(id) DEFERRABLE INITIALLY DEFERRED;


--
-- Name: users_customuser_user_permissions users_customuser_use_customuser_id_5771478b_fk_users_cus; Type: FK CONSTRAINT; Schema: public; Owner: postgres
--

ALTER TABLE ONLY public.users_customuser_user_permissions
    ADD CONSTRAINT users_customuser_use_customuser_id_5771478b_fk_users_cus FOREIGN KEY (customuser_id) REFERENCES public.users_customuser(id) DEFERRABLE INITIALLY DEFERRED;


--
-- Name: users_customuser_user_permissions users_customuser_use_permission_id_baaa2f74_fk_auth_perm; Type: FK CONSTRAINT; Schema: public; Owner: postgres
--

ALTER TABLE ONLY public.users_customuser_user_permissions
    ADD CONSTRAINT users_customuser_use_permission_id_baaa2f74_fk_auth_perm FOREIGN KEY (permission_id) REFERENCES public.auth_permission(id) DEFERRABLE INITIALLY DEFERRED;


--
-- PostgreSQL database dump complete
--

\unrestrict WdHFNXVoxSzfq9e1IOAz3hhdlgFf6csnW3xEjkrsdDhcqRngyUSufeNt92GVhza

